,0
0,"23:50:34
Code a 2D Game Engine using Java - Full Course for Beginners
38K views
6 hours ago"
1,"1:16:54
Learn to Code RPG - A freeCodeCamp.org Game [playthrough + gamedev interview]
116K views
12 days ago
CC"
2,"2:09:53
Build a CRM with Google Sheets + PostgreSQL + Stripe API Tutorial (Ecommerce Course)
257K views
13 days ago
CC"
3,"9:28:02
Internet History, Technology, and Security - Full Course from Dr. Chuck
117K views
2 weeks ago"
4,"1:27:24
Linked Lists for Technical Interviews - Full Course
75K views
2 weeks ago
CC"
5,"1:28:50
Web App Vulnerabilities - DevSecOps Course for Beginners
74K views
2 weeks ago
CC"
6,"7:20:37
Full Stack Web Development in the Cloud Course - Svelte, Postgres, Vercel, Gitpod
119K views
3 weeks ago"
7,"51:29
Can you code on a phone? Android Mobile Programing Tutorial
72K views
3 weeks ago
CC"
8,"2:46:22
Bootstrap CSS Framework - Full Course for Beginners
101K views
3 weeks ago
CC"
9,"The Business of Building Apps - App Product Management Course for Developers
181K views
4 weeks ago"
10,"Razor Pages for ASP.NET Core - Full Course (.NET 6)
39K views
1 month ago
CC"
11,"Rust Programming Course for Beginners - Tutorial
69K views
1 month ago
CC"
12,"NoSQL Database Tutorial â€“ Full Course for Beginners
137K views
1 month ago
CC"
13,"Data Analysis with Python for Excel Users - Full Course
184K views
1 month ago
CC"
14,"Feature Toggles - Why and How to Add to Your Software
44K views
1 month ago
CC"
15,"Learn ASP.NET Core MVC (.NET 6) - Full Course
109K views
1 month ago
CC"
16,"Advanced Git Tutorial - Interactive Rebase, Cherry-Picking, Reflog, Submodules and more
85K views
1 month ago
CC"
17,"AWS Certified Cloud Practitioner Certification Course (CLF-C01) - Pass the Exam!
190K views
1 month ago"
18,"Infrastructure as Code - Crash Course
90K views
1 month ago"
19,"C++ Programming Tutorial - Build a 3-Band Compressor Audio Plugin (w/ JUCE Framework)
62K views
1 month ago"
20,"Unreal Engine & C++ Tutorial - 1st Person Shooter Game
98K views
1 month ago"
21,"Micro-Frontends Course - Beginner to Expert
128K views
1 month ago
CC"
22,"Code a Squid Game JavaScript Game Using Three.js - Tutorial for Beginners
292K views
1 month ago
CC"
23,"Web Applications for Everybody Course - Dr. Chuck Teaches HTML, PHP, SQL, CSS, JavaScript, and more!
232K views
1 month ago"
24,"The 50 Most Popular Linux & Terminal Commands - Full Course for Beginners
487K views
2 months ago"
25,"Python API Development - Comprehensive Course for Beginners
397K views
2 months ago"
26,"JavaScript Tutorial - PuzzleCam Game
40K views
2 months ago"
27,"Learn React by Building an eCommerce Site - Tutorial
128K views
2 months ago"
28,"Django Tutorial - Create a Digital Resume with a Python Backend
70K views
2 months ago"
29,"Android App Development Tutorial for Beginners - Your First App
63K views
2 months ago
CC"
